{"avg": {"bytes": 464277028.0, "duration": 29012.949999999997, "count": 1587.0, "blocking_duration": 0, "start": 1750955663.5243402, "stop": 0}, "transcribe_en.MainThread": {"start": 1750955671.7829795, "count": 1570.0, "bytes": 458917880.0, "duration": 28678.049999999996, "start_blocking": 1750955725.7948484, "blocking_duration": 15.460066080093384, "stop": null}, "transcribe_non_en.MainThread": {"start": 1750955671.9076214, "count": 17.0, "bytes": 5359148.0, "duration": 334.9, "start_blocking": 1750955724.6654367, "blocking_duration": 29.60244083404541, "stop": null}, "lang_detect.MainThread": {"start": 1750955672.0634599, "count": 1587.0, "bytes": 464277028.0, "duration": 29012.949999999997, "start_blocking": 1750955725.581618, "blocking_duration": 30.037457704544067, "stop": null}, "preprocess.MainThread": {"start": 1750955672.0826814, "count": 1587.0, "bytes": 464277028.0, "duration": 29012.949999999997, "start_blocking": null, "blocking_duration": 25.674041748046875, "stop": null}, "reserver.MainThread": {"start": 1750955672.2109878, "count": 1587.0, "bytes": 464277028.0, "duration": 0.0, "start_blocking": 1750955724.8751774, "blocking_duration": 4.581552982330322, "stop": null}, "discover.MainThread": {"start": 1750955672.319628, "count": 1587.0, "bytes": 464277028.0, "duration": 0.0, "start_blocking": null, "blocking_duration": 0.0, "stop": 1750955673.802508}, "send_results.MainThread": {"start": 1750955672.3349297, "count": 1587.0, "bytes": 464277028.0, "duration": 29012.949999999997, "start_blocking": 1750955725.797763, "blocking_duration": 53.39511013031006, "stop": null}}