{"avg": {"bytes": 2310405512.0, "duration": 38032.38612499995, "count": 5577.0, "blocking_duration": 0, "start": 1750297878.1673648, "stop": 0}, "transcribe_non_en.MainThread": {"start": 1750297886.0892582, "count": 11.0, "bytes": 12726400.0, "duration": 202.2, "start_blocking": 1750297935.312437, "blocking_duration": 30.027923345565796, "stop": null}, "lang_detect.MainThread": {"start": 1750297886.5152225, "count": 5577.0, "bytes": 2310405512.0, "duration": 38032.38612499995, "start_blocking": 1750297988.9797199, "blocking_duration": 16.71315360069275, "stop": null}, "discover.MainThread": {"start": 1750297886.7463012, "count": 5577.0, "bytes": 704608229.0, "duration": 22019.007156249983, "start_blocking": null, "blocking_duration": 0.0, "stop": 1750297891.2643182}, "transcribe_en.MainThread": {"start": 1750297886.8139353, "count": 5566.0, "bytes": 2297679112.0, "duration": 37830.18612499996, "start_blocking": 1750298003.576205, "blocking_duration": 11.999425649642944, "stop": null}, "send_results.MainThread": {"start": 1750297886.8287547, "count": 5577.0, "bytes": 2310405512.0, "duration": 38032.38612499995, "start_blocking": 1750298003.5795085, "blocking_duration": 109.51000618934631, "stop": null}, "reserver.MainThread": {"start": 1750297886.853298, "count": 5577.0, "bytes": 704608229.0, "duration": 22019.007156249983, "start_blocking": 1750297988.5424366, "blocking_duration": 16.629252433776855, "stop": null}, "preprocess.MainThread": {"start": 1750297886.8654015, "count": 5577.0, "bytes": 2310405512.0, "duration": 38032.38612499995, "start_blocking": null, "blocking_duration": 66.15536665916443, "stop": null}}