{"avg": {"bytes": 464277028.0, "duration": 29012.949999999993, "count": 1587.0, "blocking_duration": 0, "start": 1750785201.4429104, "stop": 0}, "discover.MainThread": {"start": 1750785209.4154027, "count": 1587.0, "bytes": 464277028.0, "duration": 0.0, "start_blocking": null, "blocking_duration": 0.0, "stop": 1750785211.0020642}, "send_results.MainThread": {"start": 1750785209.5768468, "count": 1587.0, "bytes": 464277028.0, "duration": 29012.949999999993, "start_blocking": 1750785298.086177, "blocking_duration": 88.38760590553284, "stop": null}, "lang_detect.MainThread": {"start": 1750785209.8337884, "count": 1587.0, "bytes": 464277028.0, "duration": 29012.949999999997, "start_blocking": 1750785297.9490485, "blocking_duration": 9.851792812347412, "stop": null}, "preprocess.MainThread": {"start": 1750785209.9081464, "count": 1587.0, "bytes": 464277028.0, "duration": 29012.949999999997, "start_blocking": null, "blocking_duration": 58.57537293434143, "stop": null}, "reserver.MainThread": {"start": 1750785210.0561562, "count": 1587.0, "bytes": 464277028.0, "duration": 0.0, "start_blocking": 1750785273.6340892, "blocking_duration": 3.0275628566741943, "stop": null}, "transcribe_non_en.MainThread": {"start": 1750785210.090143, "count": 17.0, "bytes": 5359148.0, "duration": 334.9, "start_blocking": 1750785296.3685844, "blocking_duration": 63.151060819625854, "stop": null}, "transcribe_en.MainThread": {"start": 1750785210.1368785, "count": 1570.0, "bytes": 458917880.0, "duration": 28678.049999999996, "start_blocking": 1750785298.0828826, "blocking_duration": 41.8610315322876, "stop": null}}