{"avg": {"bytes": 464277028.0, "duration": 29012.949999999997, "count": 1587.0, "blocking_duration": 0, "start": 1750954107.4386928, "stop": 0}, "discover.MainThread": {"start": 1750954115.8242588, "count": 1587.0, "bytes": 464277028.0, "duration": 0.0, "start_blocking": null, "blocking_duration": 0.0, "stop": 1750954117.0813558}, "transcribe_en.MainThread": {"start": 1750954115.87072, "count": 1570.0, "bytes": 458917880.0, "duration": 28678.049999999996, "start_blocking": 1750954169.9075997, "blocking_duration": 16.491947650909424, "stop": null}, "preprocess.MainThread": {"start": 1750954115.8768277, "count": 1587.0, "bytes": 464277028.0, "duration": 29012.949999999997, "start_blocking": null, "blocking_duration": 25.149964332580566, "stop": null}, "reserver.MainThread": {"start": 1750954116.095375, "count": 1587.0, "bytes": 464277028.0, "duration": 0.0, "start_blocking": 1750954168.9763064, "blocking_duration": 4.078252077102661, "stop": null}, "transcribe_non_en.MainThread": {"start": 1750954116.1011739, "count": 17.0, "bytes": 5359148.0, "duration": 334.9, "start_blocking": 1750954168.8190117, "blocking_duration": 29.463789701461792, "stop": null}, "send_results.MainThread": {"start": 1750954116.1342304, "count": 1587.0, "bytes": 464277028.0, "duration": 29012.949999999997, "start_blocking": 1750954169.9106305, "blocking_duration": 53.82926273345947, "stop": null}, "lang_detect.MainThread": {"start": 1750954116.1627123, "count": 1587.0, "bytes": 464277028.0, "duration": 29012.949999999997, "start_blocking": 1750954169.7073643, "blocking_duration": 30.218925952911377, "stop": null}}