{"avg": {"bytes": 1701623680.0, "duration": 29012.949999999997, "count": 1587.0, "blocking_duration": 0, "start": 1750779117.8455954, "stop": 0}, "lang_detect.MainThread": {"start": 1750779126.0580328, "count": 1587.0, "bytes": 1701623680.0, "duration": 29012.949999999997, "start_blocking": 1750779180.1733708, "blocking_duration": 29.340402364730835, "stop": null}, "preprocess.MainThread": {"start": 1750779126.2315567, "count": 1587.0, "bytes": 1701623680.0, "duration": 29012.949999999997, "start_blocking": null, "blocking_duration": 25.101889848709106, "stop": null}, "transcribe_en.MainThread": {"start": 1750779126.4043088, "count": 1570.0, "bytes": 1681518080.0, "duration": 28678.049999999996, "start_blocking": 1750779180.3121262, "blocking_duration": 14.204208612442017, "stop": null}, "transcribe_non_en.MainThread": {"start": 1750779126.473461, "count": 17.0, "bytes": 20105600.0, "duration": 334.9, "start_blocking": 1750779179.614867, "blocking_duration": 27.7853262424469, "stop": null}, "reserver.MainThread": {"start": 1750779126.5306914, "count": 1587.0, "bytes": 464277028.0, "duration": 14508.657124999816, "start_blocking": 1750779179.5760076, "blocking_duration": 4.356862783432007, "stop": null}, "send_results.MainThread": {"start": 1750779126.536216, "count": 1587.0, "bytes": 1701623680.0, "duration": 29012.949999999997, "start_blocking": 1750779180.3178732, "blocking_duration": 53.834871768951416, "stop": null}, "discover.MainThread": {"start": 1750779126.641398, "count": 1587.0, "bytes": 464277028.0, "duration": 14508.657124999816, "start_blocking": null, "blocking_duration": 0.0, "stop": 1750779128.4224415}}