{"avg": {"bytes": 1701623680.0, "duration": 29012.949999999993, "count": 1587.0, "blocking_duration": 0, "start": 1750776574.1704972, "stop": 0}, "transcribe_non_en.MainThread": {"start": 1750776582.1603696, "count": 17.0, "bytes": 20105600.0, "duration": 334.9, "start_blocking": 1750776636.961177, "blocking_duration": 31.248780965805054, "stop": null}, "discover.MainThread": {"start": 1750776582.3376353, "count": 1587.0, "bytes": 464277028.0, "duration": 14508.657124999816, "start_blocking": null, "blocking_duration": 0.0, "stop": 1750776583.8571904}, "transcribe_en.MainThread": {"start": 1750776582.6158783, "count": 1570.0, "bytes": 1681518080.0, "duration": 28678.049999999996, "start_blocking": 1750776637.762356, "blocking_duration": 17.72259521484375, "stop": null}, "preprocess.MainThread": {"start": 1750776582.819899, "count": 1587.0, "bytes": 1701623680.0, "duration": 29012.949999999997, "start_blocking": null, "blocking_duration": 26.01039719581604, "stop": null}, "reserver.MainThread": {"start": 1750776582.8717666, "count": 1587.0, "bytes": 464277028.0, "duration": 14508.657124999816, "start_blocking": 1750776636.857173, "blocking_duration": 4.2415266036987305, "stop": null}, "send_results.MainThread": {"start": 1750776582.8773646, "count": 1587.0, "bytes": 1701623680.0, "duration": 29012.949999999993, "start_blocking": 1750776637.7633276, "blocking_duration": 54.68070602416992, "stop": null}, "lang_detect.MainThread": {"start": 1750776582.887365, "count": 1587.0, "bytes": 1701623680.0, "duration": 29012.949999999997, "start_blocking": 1750776637.5489078, "blocking_duration": 31.131380319595337, "stop": null}}