{"avg": {"bytes": 2310405512.0, "duration": 38032.38612499994, "count": 5577.0, "blocking_duration": 0, "start": 1750298681.0292654, "stop": 0}, "send_results.MainThread": {"start": 1750298689.3894572, "count": 5577.0, "bytes": 2310405512.0, "duration": 38032.38612499994, "start_blocking": 1750298808.1621861, "blocking_duration": 111.78572106361389, "stop": null}, "transcribe_en.MainThread": {"start": 1750298689.6161096, "count": 5567.0, "bytes": 2297800712.0, "duration": 37832.386124999946, "start_blocking": 1750298808.1589022, "blocking_duration": 11.356797933578491, "stop": null}, "discover.MainThread": {"start": 1750298689.6327052, "count": 5577.0, "bytes": 704608229.0, "duration": 22019.007156249983, "start_blocking": null, "blocking_duration": 0.0, "stop": 1750298693.9014075}, "reserver.MainThread": {"start": 1750298689.6682818, "count": 5577.0, "bytes": 704608229.0, "duration": 22019.007156249983, "start_blocking": 1750298806.1695132, "blocking_duration": 15.823776483535767, "stop": null}, "lang_detect.MainThread": {"start": 1750298689.6860158, "count": 5577.0, "bytes": 2310405512.0, "duration": 38032.38612499994, "start_blocking": 1750298807.7056596, "blocking_duration": 40.56017208099365, "stop": null}, "transcribe_non_en.MainThread": {"start": 1750298689.695742, "count": 10.0, "bytes": 12604800.0, "duration": 200.0, "start_blocking": 1750298708.3384228, "blocking_duration": 0.015597105026245117, "stop": null}, "preprocess.MainThread": {"start": 1750298689.767912, "count": 5577.0, "bytes": 2310405512.0, "duration": 38032.38612499994, "start_blocking": null, "blocking_duration": 68.19441294670105, "stop": null}}