{"avg": {"bytes": 464277028.0, "duration": 29012.949999999997, "count": 1587.0, "blocking_duration": 0, "start": 1750955099.8431857, "stop": 0}, "transcribe_non_en.MainThread": {"start": 1750955107.8612354, "count": 17.0, "bytes": 5359148.0, "duration": 334.9, "start_blocking": 1750955164.6788769, "blocking_duration": 32.989967584609985, "stop": null}, "discover.MainThread": {"start": 1750955108.094994, "count": 1587.0, "bytes": 464277028.0, "duration": 0.0, "start_blocking": null, "blocking_duration": 0.0, "stop": 1750955109.5166857}, "transcribe_en.MainThread": {"start": 1750955108.1454978, "count": 1570.0, "bytes": 458917880.0, "duration": 28678.049999999996, "start_blocking": 1750955166.0650706, "blocking_duration": 19.514578580856323, "stop": null}, "preprocess.MainThread": {"start": 1750955108.3431268, "count": 1587.0, "bytes": 464277028.0, "duration": 29012.949999999997, "start_blocking": null, "blocking_duration": 29.56265902519226, "stop": null}, "send_results.MainThread": {"start": 1750955108.506925, "count": 1587.0, "bytes": 464277028.0, "duration": 29012.949999999997, "start_blocking": 1750955166.069709, "blocking_duration": 57.4576940536499, "stop": null}, "reserver.MainThread": {"start": 1750955108.5238495, "count": 1587.0, "bytes": 464277028.0, "duration": 0.0, "start_blocking": 1750955165.3632207, "blocking_duration": 4.062250137329102, "stop": null}, "lang_detect.MainThread": {"start": 1750955108.5533712, "count": 1587.0, "bytes": 464277028.0, "duration": 29012.949999999997, "start_blocking": 1750955165.8825572, "blocking_duration": 32.948532581329346, "stop": null}}