{"avg": {"bytes": 2310405512.0, "duration": 38032.38612499995, "count": 5577.0, "blocking_duration": 0, "start": 1750296884.5374753, "stop": 0}, "lang_detect.MainThread": {"start": 1750296892.8345578, "count": 5577.0, "bytes": 2310405512.0, "duration": 38032.38612499995, "start_blocking": 1750296994.7915463, "blocking_duration": 19.614721298217773, "stop": null}, "discover.MainThread": {"start": 1750296892.8971612, "count": 5577.0, "bytes": 704608229.0, "duration": 22019.007156249983, "start_blocking": null, "blocking_duration": 0.0, "stop": 1750296897.3829224}, "transcribe_non_en.MainThread": {"start": 1750296892.899809, "count": 11.0, "bytes": 12726400.0, "duration": 202.2, "start_blocking": 1750296937.3370435, "blocking_duration": 25.458340406417847, "stop": null}, "transcribe_en.MainThread": {"start": 1750296892.9294481, "count": 5566.0, "bytes": 2297679112.0, "duration": 37830.18612499996, "start_blocking": 1750297010.0200505, "blocking_duration": 11.45882248878479, "stop": null}, "reserver.MainThread": {"start": 1750296893.1860547, "count": 5577.0, "bytes": 704608229.0, "duration": 22019.007156249983, "start_blocking": 1750296994.3504806, "blocking_duration": 16.909619569778442, "stop": null}, "send_results.MainThread": {"start": 1750296893.2362146, "count": 5577.0, "bytes": 2310405512.0, "duration": 38032.38612499995, "start_blocking": 1750297010.0283337, "blocking_duration": 109.57932591438293, "stop": null}, "preprocess.MainThread": {"start": 1750296893.2693255, "count": 5577.0, "bytes": 2310405512.0, "duration": 38032.38612499995, "start_blocking": null, "blocking_duration": 66.66161489486694, "stop": null}}