{"avg": {"bytes": 464277028.0, "duration": 29012.949999999993, "count": 1587.0, "blocking_duration": 0, "start": 1750791906.8316052, "stop": 0}, "lang_detect.MainThread": {"start": 1750791915.1372535, "count": 1587.0, "bytes": 464277028.0, "duration": 29012.949999999997, "start_blocking": 1750791974.491705, "blocking_duration": 35.87513017654419, "stop": null}, "send_results.MainThread": {"start": 1750791915.1844335, "count": 1587.0, "bytes": 464277028.0, "duration": 29012.949999999993, "start_blocking": 1750791974.6871927, "blocking_duration": 59.442811250686646, "stop": null}, "preprocess.MainThread": {"start": 1750791915.2313926, "count": 1587.0, "bytes": 464277028.0, "duration": 29012.949999999997, "start_blocking": null, "blocking_duration": 30.148027181625366, "stop": null}, "discover.MainThread": {"start": 1750791915.4333591, "count": 1587.0, "bytes": 464277028.0, "duration": 0.0, "start_blocking": null, "blocking_duration": 0.0, "stop": 1750791916.582258}, "transcribe_non_en.MainThread": {"start": 1750791915.463737, "count": 17.0, "bytes": 5359148.0, "duration": 334.9, "start_blocking": 1750791973.530457, "blocking_duration": 34.1705641746521, "stop": null}, "transcribe_en.MainThread": {"start": 1750791915.4844964, "count": 1570.0, "bytes": 458917880.0, "duration": 28678.049999999996, "start_blocking": 1750791974.686438, "blocking_duration": 22.618574857711792, "stop": null}, "reserver.MainThread": {"start": 1750791915.5347204, "count": 1587.0, "bytes": 464277028.0, "duration": 0.0, "start_blocking": 1750791973.9350095, "blocking_duration": 4.021955966949463, "stop": null}}