{"avg": {"bytes": 464277028.0, "duration": 29012.949999999997, "count": 1587.0, "blocking_duration": 0, "start": 1750943396.9414334, "stop": 0}, "transcribe_en.MainThread": {"start": 1750943404.9817963, "count": 1570.0, "bytes": 458917880.0, "duration": 28678.049999999996, "start_blocking": 1750943458.5227792, "blocking_duration": 13.915154933929443, "stop": null}, "reserver.MainThread": {"start": 1750943405.1423259, "count": 1587.0, "bytes": 464277028.0, "duration": 0.0, "start_blocking": 1750943457.6486847, "blocking_duration": 4.452644348144531, "stop": null}, "send_results.MainThread": {"start": 1750943405.2250412, "count": 1587.0, "bytes": 464277028.0, "duration": 29012.949999999997, "start_blocking": 1750943458.525613, "blocking_duration": 53.414146423339844, "stop": null}, "discover.MainThread": {"start": 1750943405.3946033, "count": 1587.0, "bytes": 464277028.0, "duration": 0.0, "start_blocking": null, "blocking_duration": 0.0, "stop": 1750943406.797456}, "transcribe_non_en.MainThread": {"start": 1750943405.4242733, "count": 17.0, "bytes": 5359148.0, "duration": 334.9, "start_blocking": 1750943457.598057, "blocking_duration": 23.771832704544067, "stop": null}, "preprocess.MainThread": {"start": 1750943405.557881, "count": 1587.0, "bytes": 464277028.0, "duration": 29012.949999999997, "start_blocking": null, "blocking_duration": 24.48603057861328, "stop": null}, "lang_detect.MainThread": {"start": 1750943405.667067, "count": 1587.0, "bytes": 464277028.0, "duration": 29012.949999999997, "start_blocking": 1750943458.3665664, "blocking_duration": 28.84181499481201, "stop": null}}