{"avg": {"bytes": 464277028.0, "duration": 29012.949999999997, "count": 1587.0, "blocking_duration": 0, "start": 1750953195.0254185, "stop": 0}, "send_results.MainThread": {"start": 1750953203.0580716, "count": 1587.0, "bytes": 464277028.0, "duration": 29012.949999999997, "start_blocking": 1750953259.6466017, "blocking_duration": 56.630271673202515, "stop": null}, "lang_detect.MainThread": {"start": 1750953203.5173023, "count": 1587.0, "bytes": 464277028.0, "duration": 29012.949999999997, "start_blocking": 1750953259.465495, "blocking_duration": 32.20825695991516, "stop": null}, "reserver.MainThread": {"start": 1750953203.5441296, "count": 1587.0, "bytes": 464277028.0, "duration": 0.0, "start_blocking": 1750953258.8761556, "blocking_duration": 4.5147740840911865, "stop": null}, "transcribe_non_en.MainThread": {"start": 1750953203.5965133, "count": 17.0, "bytes": 5359148.0, "duration": 334.9, "start_blocking": 1750953258.5830195, "blocking_duration": 31.785858869552612, "stop": null}, "preprocess.MainThread": {"start": 1750953203.6792274, "count": 1587.0, "bytes": 464277028.0, "duration": 29012.949999999997, "start_blocking": null, "blocking_duration": 26.63578200340271, "stop": null}, "discover.MainThread": {"start": 1750953203.7203836, "count": 1587.0, "bytes": 464277028.0, "duration": 0.0, "start_blocking": null, "blocking_duration": 0.0, "stop": 1750953205.2073176}, "transcribe_en.MainThread": {"start": 1750953203.8655474, "count": 1570.0, "bytes": 458917880.0, "duration": 28678.049999999996, "start_blocking": 1750953259.6418405, "blocking_duration": 16.361330270767212, "stop": null}}