{
  "avg": {
    "bytes": 2297679112.0,
    "duration": 37830.18612499996,
    "count": 5566.0,
    "blocking_duration": 0,
    "start": 1750300041.8110576,
    "stop": 0
  },
  "discover.MainThread": {
    "start": 1750300049.484195,
    "count": 5577.0,
    "bytes": 704608229.0,
    "duration": 22019.007156249983,
    "start_blocking": null,
    "blocking_duration": 0.0,
    "stop": 1750300053.689147
  },
  "transcribe_en.MainThread": {
    "start": 1750300049.6367013,
    "count": 5566.0,
    "bytes": 2297679112.0,
    "duration": 37830.18612499996,
    "start_blocking": 1750300169.7260091,
    "blocking_duration": 17.76473093032837,
    "stop": null
  },
  "send_results.MainThread": {
    "start": 1750300049.8694127,
    "count": 5566.0,
    "bytes": 2297679112.0,
    "duration": 37830.18612499996,
    "start_blocking": 1750300169.7293677,
    "blocking_duration": 112.6696343421936,
    "stop": null
  },
  "lang_detect.MainThread": {
    "start": 1750300049.9929385,
    "count": 5577.0,
    "bytes": 2310405512.0,
    "duration": 38032.38612499995,
    "start_blocking": 1750300168.8176587,
    "blocking_duration": 46.919283628463745,
    "stop": null
  },
  "reserver.MainThread": {
    "start": 1750300050.0546353,
    "count": 5577.0,
    "bytes": 704608229.0,
    "duration": 22019.007156249983,
    "start_blocking": 1750300168.6244817,
    "blocking_duration": 14.348045110702515,
    "stop": null
  },
  "preprocess.MainThread": {
    "start": 1750300050.216171,
    "count": 5577.0,
    "bytes": 2310405512.0,
    "duration": 38032.38612499995,
    "start_blocking": null,
    "blocking_duration": 70.09314632415771,
    "stop": null
  }
}